article_id,title,category,content,word_count,sentiment,author,published_date
ART-0001,Indie Film Wins Prestigious Grand Jury Prize at Film Festival,Entertainment,"Audiences worldwide celebrate indie film wins prestigious grand jury prize at film festival. Critics praise the creative vision, production design, and standout performances by the cast.",26,Positive,Staff Writer 8,2026-07-08
ART-0002,Diplomatic Summit Concludes with Historic Trade Agreement,Politics,Government officials and policy makers debate diplomatic summit concludes with historic trade agreement. Public hearings and stakeholder consultations are scheduled to address key implementation details.,25,Positive,Staff Writer 11,2026-03-29
ART-0003,Election Commission Confirms Dates for Upcoming National Polls,Politics,Government officials and policy makers debate election commission confirms dates for upcoming national polls. Public hearings and stakeholder consultations are scheduled to address key implementation details.,26,Positive,Staff Writer 3,2026-05-30
ART-0004,Diplomatic Summit Concludes with Historic Trade Agreement,Politics,Government officials and policy makers debate diplomatic summit concludes with historic trade agreement. Public hearings and stakeholder consultations are scheduled to address key implementation details.,25,Neutral,Staff Writer 14,2026-07-11
ART-0005,Indie Film Wins Prestigious Grand Jury Prize at Film Festival,Entertainment,"Audiences worldwide celebrate indie film wins prestigious grand jury prize at film festival. Critics praise the creative vision, production design, and standout performances by the cast.",26,Neutral,Staff Writer 10,2026-01-22
ART-0006,Election Commission Confirms Dates for Upcoming National Polls,Politics,Government officials and policy makers debate election commission confirms dates for upcoming national polls. Public hearings and stakeholder consultations are scheduled to address key implementation details.,26,Positive,Staff Writer 11,2026-02-28
ART-0007,Quarterly Earnings Exceed Wall Street Expectations,Business,Market analysts review the impact of quarterly earnings exceed wall street expectations. Financial reports indicate strong investor confidence and stable growth trajectories across key sectors.,25,Mixed,Staff Writer 14,2026-06-24
ART-0008,National Stadium Renovations Set to Begin Ahead of Tournament,Sports,"Fans and pundits alike react to national stadium renovations set to begin ahead of tournament. Post-match interviews highlight tactical discipline, player resilience, and strategic preparation.",25,Neutral,Staff Writer 9,2026-05-11
ART-0009,Local Authorities Implement New Urban Transit Policies,Politics,Government officials and policy makers debate local authorities implement new urban transit policies. Public hearings and stakeholder consultations are scheduled to address key implementation details.,25,Neutral,Staff Writer 9,2026-06-16
ART-0010,Quarterly Earnings Exceed Wall Street Expectations,Business,Market analysts review the impact of quarterly earnings exceed wall street expectations. Financial reports indicate strong investor confidence and stable growth trajectories across key sectors.,25,Mixed,Staff Writer 14,2026-08-30
ART-0011,Global Markets Rally Amid Positive Employment Data,Business,Market analysts review the impact of global markets rally amid positive employment data. Financial reports indicate strong investor confidence and stable growth trajectories across key sectors.,26,Positive,Staff Writer 2,2026-04-02
ART-0012,Streaming Service Renews Hit Drama Series for Third Season,Entertainment,"Audiences worldwide celebrate streaming service renews hit drama series for third season. Critics praise the creative vision, production design, and standout performances by the cast.",25,Positive,Staff Writer 3,2026-07-25
ART-0013,Cybersecurity Firm Discovers Critical Zero-Day Vulnerability,Technology,"Recent developments in technology highlight cybersecurity firm discovers critical zero-day vulnerability. Industry experts discuss the implications for software engineering, cloud infrastructure, and enterprise deployment.",24,Positive,Staff Writer 4,2026-01-02
ART-0014,Quarterly Earnings Exceed Wall Street Expectations,Business,Market analysts review the impact of quarterly earnings exceed wall street expectations. Financial reports indicate strong investor confidence and stable growth trajectories across key sectors.,25,Positive,Staff Writer 2,2026-08-06
ART-0015,Critically Acclaimed Director Unveils First Trailer for Sci-Fi Epic,Entertainment,"Audiences worldwide celebrate critically acclaimed director unveils first trailer for sci-fi epic. Critics praise the creative vision, production design, and standout performances by the cast.",25,Positive,Staff Writer 4,2026-08-03
ART-0016,Blockbuster Sequel Shatters Opening Weekend Box Office Records,Entertainment,"Audiences worldwide celebrate blockbuster sequel shatters opening weekend box office records. Critics praise the creative vision, production design, and standout performances by the cast.",24,Mixed,Staff Writer 5,2026-07-27
ART-0017,Diplomatic Summit Concludes with Historic Trade Agreement,Politics,Government officials and policy makers debate diplomatic summit concludes with historic trade agreement. Public hearings and stakeholder consultations are scheduled to address key implementation details.,25,Neutral,Staff Writer 8,2026-08-05
ART-0018,Streaming Service Renews Hit Drama Series for Third Season,Entertainment,"Audiences worldwide celebrate streaming service renews hit drama series for third season. Critics praise the creative vision, production design, and standout performances by the cast.",25,Neutral,Staff Writer 9,2026-06-06
ART-0019,Parliament Passes Landmark Renewable Energy Legislation,Politics,Government officials and policy makers debate parliament passes landmark renewable energy legislation. Public hearings and stakeholder consultations are scheduled to address key implementation details.,24,Positive,Staff Writer 9,2026-05-09
ART-0020,Music Festival Announces Star-Studded Headliner Lineup,Entertainment,"Audiences worldwide celebrate music festival announces star-studded headliner lineup. Critics praise the creative vision, production design, and standout performances by the cast.",22,Positive,Staff Writer 8,2026-06-12
ART-0021,Underdog Team Secures Dramatic Victory in Championship Final,Sports,"Fans and pundits alike react to underdog team secures dramatic victory in championship final. Post-match interviews highlight tactical discipline, player resilience, and strategic preparation.",24,Neutral,Staff Writer 10,2026-08-19
ART-0022,Global Markets Rally Amid Positive Employment Data,Business,Market analysts review the impact of global markets rally amid positive employment data. Financial reports indicate strong investor confidence and stable growth trajectories across key sectors.,26,Mixed,Staff Writer 9,2026-02-02
ART-0023,Local Authorities Implement New Urban Transit Policies,Politics,Government officials and policy makers debate local authorities implement new urban transit policies. Public hearings and stakeholder consultations are scheduled to address key implementation details.,25,Neutral,Staff Writer 6,2026-02-04
ART-0024,Quantum Computing Breakthrough Achieved by Research Team,Technology,"Recent developments in technology highlight quantum computing breakthrough achieved by research team. Industry experts discuss the implications for software engineering, cloud infrastructure, and enterprise deployment.",25,Positive,Staff Writer 14,2026-05-11
ART-0025,Open Source Framework Gains Massive Adoption Among Developers,Technology,"Recent developments in technology highlight open source framework gains massive adoption among developers. Industry experts discuss the implications for software engineering, cloud infrastructure, and enterprise deployment.",26,Neutral,Staff Writer 14,2026-07-26
ART-0026,Retail Giant Acquires Logistics Startup for $1.2 Billion (Update),Business,Market analysts review the impact of retail giant acquires logistics startup for $1.2 billion (update). Financial reports indicate strong investor confidence and stable growth trajectories across key sectors.,28,Positive,Staff Writer 3,2026-03-04
ART-0027,Cybersecurity Firm Discovers Critical Zero-Day Vulnerability (Update),Technology,"Recent developments in technology highlight cybersecurity firm discovers critical zero-day vulnerability (update). Industry experts discuss the implications for software engineering, cloud infrastructure, and enterprise deployment.",25,Neutral,Staff Writer 4,2026-08-10
ART-0028,Bipartisan Coalition Proposes Comprehensive Healthcare Reform (Update),Politics,Government officials and policy makers debate bipartisan coalition proposes comprehensive healthcare reform (update). Public hearings and stakeholder consultations are scheduled to address key implementation details.,25,Neutral,Staff Writer 13,2026-02-05
ART-0029,Local Authorities Implement New Urban Transit Policies (Update),Politics,Government officials and policy makers debate local authorities implement new urban transit policies (update). Public hearings and stakeholder consultations are scheduled to address key implementation details.,26,Neutral,Staff Writer 12,2026-03-07
ART-0030,Supply Chain Disruptions Ease Across Manufacturing Sectors (Update),Business,Market analysts review the impact of supply chain disruptions ease across manufacturing sectors (update). Financial reports indicate strong investor confidence and stable growth trajectories across key sectors.,27,Positive,Staff Writer 5,2026-05-14
ART-0031,Streaming Service Renews Hit Drama Series for Third Season (Update),Entertainment,"Audiences worldwide celebrate streaming service renews hit drama series for third season (update). Critics praise the creative vision, production design, and standout performances by the cast.",26,Positive,Staff Writer 4,2026-05-08
ART-0032,Quarterly Earnings Exceed Wall Street Expectations (Update),Business,Market analysts review the impact of quarterly earnings exceed wall street expectations (update). Financial reports indicate strong investor confidence and stable growth trajectories across key sectors.,26,Positive,Staff Writer 14,2026-08-13
ART-0033,AI Startup Launches Next-Gen Neural Processing Unit (Update),Technology,"Recent developments in technology highlight ai startup launches next-gen neural processing unit (update). Industry experts discuss the implications for software engineering, cloud infrastructure, and enterprise deployment.",26,Neutral,Staff Writer 9,2026-04-26
ART-0034,Parliament Passes Landmark Renewable Energy Legislation (Update),Politics,Government officials and policy makers debate parliament passes landmark renewable energy legislation (update). Public hearings and stakeholder consultations are scheduled to address key implementation details.,25,Positive,Staff Writer 6,2026-05-17
ART-0035,Parliament Passes Landmark Renewable Energy Legislation (Update),Politics,Government officials and policy makers debate parliament passes landmark renewable energy legislation (update). Public hearings and stakeholder consultations are scheduled to address key implementation details.,25,Positive,Staff Writer 12,2026-06-01
ART-0036,Underdog Team Secures Dramatic Victory in Championship Final (Update),Sports,"Fans and pundits alike react to underdog team secures dramatic victory in championship final (update). Post-match interviews highlight tactical discipline, player resilience, and strategic preparation.",25,Positive,Staff Writer 14,2026-02-21
ART-0037,Critically Acclaimed Director Unveils First Trailer for Sci-Fi Epic (Update),Entertainment,"Audiences worldwide celebrate critically acclaimed director unveils first trailer for sci-fi epic (update). Critics praise the creative vision, production design, and standout performances by the cast.",26,Neutral,Staff Writer 5,2026-04-23
ART-0038,Quantum Computing Breakthrough Achieved by Research Team (Update),Technology,"Recent developments in technology highlight quantum computing breakthrough achieved by research team (update). Industry experts discuss the implications for software engineering, cloud infrastructure, and enterprise deployment.",26,Neutral,Staff Writer 2,2026-08-08
ART-0039,Parliament Passes Landmark Renewable Energy Legislation (Update),Politics,Government officials and policy makers debate parliament passes landmark renewable energy legislation (update). Public hearings and stakeholder consultations are scheduled to address key implementation details.,25,Neutral,Staff Writer 14,2026-05-10
ART-0040,Election Commission Confirms Dates for Upcoming National Polls (Update),Politics,Government officials and policy makers debate election commission confirms dates for upcoming national polls (update). Public hearings and stakeholder consultations are scheduled to address key implementation details.,27,Positive,Staff Writer 6,2026-09-04
ART-0041,Music Festival Announces Star-Studded Headliner Lineup (Update),Entertainment,"Audiences worldwide celebrate music festival announces star-studded headliner lineup (update). Critics praise the creative vision, production design, and standout performances by the cast.",23,Positive,Staff Writer 1,2026-09-12
ART-0042,Election Commission Confirms Dates for Upcoming National Polls (Update),Politics,Government officials and policy makers debate election commission confirms dates for upcoming national polls (update). Public hearings and stakeholder consultations are scheduled to address key implementation details.,27,Mixed,Staff Writer 6,2026-08-28
ART-0043,AI Startup Launches Next-Gen Neural Processing Unit (Update),Technology,"Recent developments in technology highlight ai startup launches next-gen neural processing unit (update). Industry experts discuss the implications for software engineering, cloud infrastructure, and enterprise deployment.",26,Positive,Staff Writer 6,2026-05-28
ART-0044,Music Festival Announces Star-Studded Headliner Lineup (Update),Entertainment,"Audiences worldwide celebrate music festival announces star-studded headliner lineup (update). Critics praise the creative vision, production design, and standout performances by the cast.",23,Positive,Staff Writer 10,2026-05-27
ART-0045,Streaming Service Renews Hit Drama Series for Third Season (Update),Entertainment,"Audiences worldwide celebrate streaming service renews hit drama series for third season (update). Critics praise the creative vision, production design, and standout performances by the cast.",26,Mixed,Staff Writer 8,2026-05-08
ART-0046,Global Markets Rally Amid Positive Employment Data (Update),Business,Market analysts review the impact of global markets rally amid positive employment data (update). Financial reports indicate strong investor confidence and stable growth trajectories across key sectors.,27,Neutral,Staff Writer 9,2026-05-31
ART-0047,Central Bank Signals Potential Interest Rate Cuts Next Quarter (Update),Business,Market analysts review the impact of central bank signals potential interest rate cuts next quarter (update). Financial reports indicate strong investor confidence and stable growth trajectories across key sectors.,29,Positive,Staff Writer 10,2026-04-22
ART-0048,Cybersecurity Firm Discovers Critical Zero-Day Vulnerability (Update),Technology,"Recent developments in technology highlight cybersecurity firm discovers critical zero-day vulnerability (update). Industry experts discuss the implications for software engineering, cloud infrastructure, and enterprise deployment.",25,Neutral,Staff Writer 2,2026-09-11
ART-0049,Indie Film Wins Prestigious Grand Jury Prize at Film Festival (Update),Entertainment,"Audiences worldwide celebrate indie film wins prestigious grand jury prize at film festival (update). Critics praise the creative vision, production design, and standout performances by the cast.",27,Mixed,Staff Writer 11,2026-01-09
ART-0050,Quantum Computing Breakthrough Achieved by Research Team (Update),Technology,"Recent developments in technology highlight quantum computing breakthrough achieved by research team (update). Industry experts discuss the implications for software engineering, cloud infrastructure, and enterprise deployment.",26,Neutral,Staff Writer 3,2026-06-01
